CIF_id,Compound,A,B,distAA,distBB,distAB,Asize,Bsize,Asize_by_Bsize,distAA_by2_byAsize,distBB_by2_byBsize,distAB_by2_byAsizebyBsize,Asize_ref,Bsize_ref,percent_diff_A_by_100,percent_diff_B_by_100,distAA_minus_ref_diff,distBB_minus_ref_diff,distAB_minus_ref_diff,refined_packing_eff,R_factor
250141,ThRu,Th,Ru,3.628,3.1765,2.8253,1.798,1.329,1.3529,1.0089,1.1951,0.9035,1.2371,1.5883,-0.312,0.1951,0.318,0.0,-0.0,0.55460,0.1354
2030011,HoPt,Ho,Pt,3.6224,2.5908,2.7888,1.7086,1.3843,1.2343,1.06,0.9358,0.9017,1.4934,1.2954,-0.1259,-0.0642,0.1754,0.0,0.0,0.53905,0.02
457859,RhSb2,Rh,Sb,3.0121,2.8294,2.516,1.3444,1.4545,0.9243,1.1202,0.9726,0.8989,1.1013,1.4147,-0.1808,-0.0274,0.2688,0.0,0.0,0.46087,0.0334
458053,Al0.5Sb0.5,Al,Sb,2.783,2.783,2.783,1.4319,1.4545,0.9845,0.9718,0.9567,0.9642,1.3915,1.3915,-0.0282,-0.0433,0.0,0.0,0.0,1.08068,0.0027
1601445,NiAl3,Ni,Al,3.7703,2.7053,2.158,1.2515,1.4319,0.874,1.5063,0.9447,0.8042,0.8053,1.3527,-0.3565,-0.0553,0.5728,0.0,-0.0,0.57470,0.1302
250170,ThOs2,Th,Os,3.3407,2.7277,3.1985,1.798,1.3106,1.3719,0.929,1.0406,1.0289,1.8346,1.3638,0.0204,0.0406,-0.0984,0.0,0.0,0.82086,0.0021
250140,ThRu2,Th,Ru,3.3156,2.7072,3.1744,1.798,1.329,1.3529,0.922,1.0185,1.0152,1.8208,1.3536,0.0127,0.0185,-0.0984,0.0,-0.0,0.82087,0.0005
1720931,Nd5Si3,Nd,Si,3.3148,2.755,3.0802,1.6571,1.1757,1.4095,1.0002,1.1716,1.0873,1.7027,1.3775,0.0275,0.1716,-0.0273,0.0,0.0,0.65278,0.0302
