CIF_id,Compound,Shortest homoatomic distance,Shortest heteroatomic distance,Shortest homoatomic distance by 2 by atom size,Shortest heteroatomic distance by sum of atom sizes,Shortest homoatomic distance by 2 by refined atom size,Shortest heteroatomic distance by sum of refined sizes,Highest refined percent difference by 100 (abs value),Lowest refined percent difference by 100 (abs value),Packing efficiency
250141,ThRu,3.1765,2.8253,1.1951,0.9035,1.0,1.0,0.312,0.1951,0.55460
2030011,HoPt,2.5908,2.7888,0.9358,0.9017,1.0,1.0,0.1259,0.0642,0.53905
457859,RhSb2,2.8294,2.516,0.9726,0.8989,1.0,1.0,0.1808,0.0274,0.46087
458053,Al0.5Sb0.5,2.783,2.783,0.9718,0.9642,1.0,1.0,0.0433,0.0282,1.08068
1601445,NiAl3,2.7053,2.158,0.9447,0.8042,1.0,1.0,0.3565,0.0553,0.57470
250170,ThOs2,2.7277,3.1985,1.0406,1.0289,1.0,1.0,0.0406,0.0204,0.82086
250140,ThRu2,2.7072,3.1744,1.0185,1.0152,1.0,1.0,0.0185,0.0127,0.82087
1720931,Nd5Si3,2.755,3.0802,1.1716,1.0873,1.0,1.0,0.1716,0.0275,0.65278
